order_id,customer_id,order_date,order_status
5001,136,2026-05-23,Completed
5002,127,2026-06-30,Completed
5003,134,2026-07-21,Shipped
5004,152,2026-05-31,Pending
5005,169,2026-06-23,Cancelled
5006,154,2026-01-01,Shipped
5007,119,2026-07-18,Cancelled
5008,126,2026-04-19,Pending
5009,156,2026-06-29,Shipped
5010,165,2026-06-10,Shipped
5011,127,2026-04-01,Shipped
5012,106,2026-05-18,Cancelled
5013,133,2026-04-11,Shipped
5014,181,2026-03-30,Shipped
5015,157,2026-09-24,Completed
5016,188,2026-04-04,Cancelled
5017,160,2026-07-23,Completed
5018,139,2026-06-13,Pending
5019,154,2026-01-26,Pending
5020,108,2026-06-28,Shipped
5021,124,2026-06-16,Pending
5022,169,2026-03-28,Pending
5023,193,2026-07-29,Shipped
5024,185,2026-04-07,Pending
5025,173,2026-08-28,Pending
5026,159,2026-08-27,Completed
5027,193,2026-04-11,Completed
5028,187,2026-03-08,Pending
5029,143,2026-09-17,Cancelled
5030,198,2026-05-21,Shipped
5031,138,2026-08-07,Cancelled
5032,172,2026-05-30,Cancelled
5033,111,2026-01-21,Pending
5034,175,2026-03-17,Completed
5035,183,2026-09-27,Completed
5036,129,2026-09-26,Completed
5037,147,2026-09-24,Shipped
5038,137,2026-08-21,Pending
5039,150,2026-07-02,Pending
5040,193,2026-04-15,Pending
5041,110,2026-04-12,Shipped
5042,176,2026-04-07,Completed
5043,112,2026-03-01,Shipped
5044,124,2026-06-06,Cancelled
5045,166,2026-06-12,Cancelled
5046,136,2026-04-20,Cancelled
5047,104,2026-03-04,Completed
5048,180,2026-08-05,Cancelled
5049,110,2026-03-11,Shipped
5050,159,2026-06-02,Completed
5051,132,2026-05-01,Completed
5052,199,2026-09-29,Cancelled
5053,164,2026-08-01,Pending
5054,171,2026-09-27,Pending
5055,198,2026-09-11,Cancelled
5056,180,2026-05-20,Pending
5057,105,2026-02-12,Cancelled
5058,172,2026-02-24,Completed
5059,108,2026-04-18,Completed
5060,146,2026-04-18,Shipped
5061,168,2026-09-05,Shipped
5062,146,2026-09-22,Completed
5063,104,2026-09-02,Completed
5064,196,2026-07-18,Cancelled
5065,135,2026-05-20,Completed
5066,196,2026-04-24,Shipped
5067,111,2026-08-08,Pending
5068,124,2026-06-24,Completed
5069,155,2026-08-26,Shipped
5070,129,2026-05-06,Completed
5071,142,2026-03-25,Pending
5072,190,2026-03-25,Completed
5073,160,2026-03-24,Shipped
5074,161,2026-04-02,Cancelled
5075,171,2026-05-07,Completed
5076,116,2026-09-17,Shipped
5077,194,2026-06-21,Pending
5078,122,2026-09-19,Shipped
5079,112,2026-08-29,Pending
5080,104,2026-02-23,Completed
5081,117,2026-01-29,Pending
5082,108,2026-04-07,Completed
5083,142,2026-09-02,Completed
5084,169,2026-09-17,Cancelled
5085,199,2026-03-23,Shipped
5086,144,2026-03-25,Pending
5087,140,2026-05-31,Pending
5088,137,2026-01-05,Cancelled
5089,186,2026-06-30,Cancelled
5090,132,2026-06-23,Shipped
5091,144,2026-01-23,Cancelled
5092,200,2026-01-30,Shipped
5093,106,2026-05-17,Completed
5094,169,2026-05-16,Shipped
5095,179,2026-05-09,Pending
5096,162,2026-03-30,Completed
5097,168,2026-06-05,Pending
5098,102,2026-04-03,Shipped
5099,118,2026-02-23,Completed
5100,177,2026-02-09,Cancelled
5101,141,2026-04-10,Completed
5102,195,2026-03-02,Shipped
5103,146,2026-02-07,Shipped
5104,188,2026-04-17,Shipped
5105,139,2026-07-17,Shipped
5106,139,2026-04-18,Cancelled
5107,142,2026-07-22,Shipped
5108,193,2026-08-14,Shipped
5109,116,2026-02-05,Completed
5110,119,2026-08-16,Pending
5111,175,2026-06-02,Cancelled
5112,138,2026-07-29,Cancelled
5113,149,2026-03-30,Pending
5114,149,2026-06-20,Completed
5115,127,2026-01-27,Cancelled
5116,153,2026-09-03,Shipped
5117,190,2026-03-02,Shipped
5118,149,2026-03-06,Pending
5119,198,2026-03-20,Cancelled
5120,175,2026-06-26,Completed
5121,169,2026-04-06,Pending
5122,188,2026-01-05,Completed
5123,153,2026-02-02,Pending
5124,172,2026-05-01,Pending
5125,170,2026-07-14,Shipped
5126,132,2026-08-05,Shipped
5127,145,2026-01-06,Completed
5128,159,2026-09-11,Pending
5129,162,2026-02-18,Cancelled
5130,168,2026-03-18,Completed
5131,199,2026-06-18,Completed
5132,162,2026-09-05,Shipped
5133,182,2026-08-21,Pending
5134,142,2026-06-28,Completed
5135,152,2026-06-14,Pending
5136,168,2026-06-22,Shipped
5137,143,2026-02-12,Completed
5138,173,2026-04-05,Pending
5139,177,2026-09-17,Completed
5140,150,2026-09-24,Shipped
5141,142,2026-01-01,Completed
5142,160,2026-05-05,Shipped
5143,134,2026-05-28,Shipped
5144,197,2026-07-17,Shipped
5145,193,2026-06-26,Completed
5146,154,2026-08-12,Completed
5147,161,2026-02-04,Completed
5148,117,2026-08-12,Cancelled
5149,161,2026-02-12,Shipped
5150,111,2026-02-19,Shipped
5151,167,2026-09-05,Pending
5152,137,2026-02-15,Cancelled
5153,123,2026-05-08,Cancelled
5154,112,2026-02-16,Completed
5155,142,2026-04-06,Pending
5156,167,2026-01-29,Cancelled
5157,134,2026-04-03,Pending
5158,126,2026-08-10,Pending
5159,162,2026-08-04,Pending
5160,119,2026-01-22,Shipped
5161,123,2026-07-24,Shipped
5162,146,2026-08-07,Pending
5163,165,2026-06-15,Completed
5164,145,2026-05-08,Pending
5165,173,2026-01-26,Cancelled
5166,191,2026-03-13,Pending
5167,186,2026-05-11,Pending
5168,104,2026-07-29,Cancelled
5169,112,2026-03-15,Pending
5170,200,2026-09-16,Cancelled
5171,138,2026-01-02,Completed
5172,131,2026-07-19,Shipped
5173,142,2026-06-21,Pending
5174,126,2026-03-21,Completed
5175,163,2026-05-09,Completed
5176,163,2026-04-26,Cancelled
5177,136,2026-02-20,Shipped
5178,123,2026-05-07,Completed
5179,140,2026-01-24,Completed
5180,192,2026-07-11,Cancelled
5181,124,2026-02-27,Pending
5182,176,2026-05-14,Completed
5183,174,2026-09-02,Pending
5184,133,2026-05-17,Shipped
5185,153,2026-07-18,Pending
5186,151,2026-06-25,Shipped
5187,127,2026-07-22,Shipped
5188,103,2026-06-04,Completed
5189,114,2026-04-30,Pending
5190,175,2026-08-15,Cancelled
5191,156,2026-06-06,Pending
5192,101,2026-05-22,Shipped
5193,190,2026-09-09,Cancelled
5194,194,2026-07-27,Completed
5195,123,2026-06-18,Completed
5196,185,2026-02-07,Completed
5197,158,2026-09-19,Completed
5198,181,2026-03-05,Cancelled
5199,137,2026-04-27,Completed
5200,183,2026-01-03,Pending
5201,133,2026-06-20,Completed
5202,147,2026-01-01,Completed
5203,114,2026-03-17,Completed
5204,169,2026-09-12,Cancelled
5205,199,2026-09-14,Cancelled
5206,189,2026-09-21,Completed
5207,120,2026-08-22,Shipped
5208,130,2026-08-31,Shipped
5209,199,2026-04-28,Shipped
5210,186,2026-04-27,Pending
5211,105,2026-08-19,Pending
5212,137,2026-02-06,Pending
5213,143,2026-07-17,Cancelled
5214,124,2026-08-23,Shipped
5215,180,2026-05-19,Pending
5216,179,2026-08-17,Shipped
5217,168,2026-08-16,Pending
5218,140,2026-04-05,Completed
5219,130,2026-03-16,Pending
5220,133,2026-01-10,Completed
5221,153,2026-09-17,Shipped
5222,157,2026-02-27,Cancelled
5223,115,2026-07-04,Shipped
5224,199,2026-05-11,Completed
5225,160,2026-08-11,Shipped
5226,174,2026-05-30,Completed
5227,145,2026-03-09,Cancelled
5228,138,2026-07-31,Cancelled
5229,165,2026-01-10,Pending
5230,136,2026-07-31,Pending
5231,109,2026-06-21,Shipped
5232,129,2026-01-15,Cancelled
5233,191,2026-06-14,Completed
5234,189,2026-06-28,Cancelled
5235,198,2026-04-21,Completed
5236,199,2026-03-25,Pending
5237,187,2026-03-19,Pending
5238,168,2026-06-05,Cancelled
5239,119,2026-08-05,Cancelled
5240,187,2026-03-19,Cancelled
5241,119,2026-01-30,Cancelled
5242,194,2026-09-21,Cancelled
5243,141,2026-06-11,Completed
5244,124,2026-02-18,Completed
5245,116,2026-05-17,Shipped
5246,177,2026-03-19,Completed
5247,157,2026-03-03,Completed
5248,149,2026-09-07,Shipped
5249,164,2026-03-08,Cancelled
5250,142,2026-05-01,Shipped
5251,180,2026-07-10,Pending
5252,118,2026-07-11,Completed
5253,105,2026-05-16,Completed
5254,122,2026-06-17,Cancelled
5255,126,2026-08-12,Completed
5256,192,2026-09-25,Completed
5257,166,2026-01-23,Pending
5258,175,2026-02-27,Shipped
5259,144,2026-07-20,Pending
5260,108,2026-08-06,Pending
5261,148,2026-05-16,Cancelled
5262,114,2026-03-25,Shipped
5263,178,2026-05-16,Pending
5264,152,2026-09-28,Completed
5265,101,2026-02-19,Pending
5266,120,2026-09-23,Shipped
5267,106,2026-08-24,Pending
5268,168,2026-03-02,Shipped
5269,121,2026-02-08,Completed
5270,148,2026-06-28,Cancelled
5271,157,2026-03-04,Completed
5272,105,2026-08-10,Completed
5273,162,2026-07-03,Completed
5274,146,2026-01-13,Shipped
5275,148,2026-08-11,Shipped
5276,171,2026-04-30,Completed
5277,153,2026-07-19,Completed
5278,170,2026-01-30,Pending
5279,117,2026-04-14,Cancelled
5280,125,2026-06-29,Completed
5281,152,2026-06-08,Completed
5282,198,2026-05-16,Completed
5283,198,2026-04-14,Cancelled
5284,183,2026-04-10,Cancelled
5285,117,2026-08-29,Completed
5286,104,2026-08-02,Pending
5287,119,2026-01-09,Cancelled
5288,175,2026-08-16,Completed
5289,161,2026-05-29,Completed
5290,187,2026-02-11,Cancelled
5291,123,2026-09-01,Completed
5292,143,2026-03-18,Shipped
5293,187,2026-08-20,Pending
5294,162,2026-03-31,Pending
5295,164,2026-06-20,Shipped
5296,197,2026-07-31,Shipped
5297,178,2026-04-10,Shipped
5298,146,2026-01-16,Completed
5299,160,2026-02-15,Pending
5300,156,2026-06-25,Completed
