order_item_id,order_id,product_id,quantity
1,5001,1010,5
2,5001,1024,3
3,5002,1006,4
4,5002,1016,1
5,5003,1007,4
6,5003,1038,5
7,5004,1038,4
8,5004,1007,5
9,5005,1035,4
10,5005,1049,4
11,5006,1005,1
12,5006,1022,1
13,5007,1007,1
14,5007,1033,4
15,5008,1026,2
16,5008,1028,2
17,5009,1015,1
18,5009,1045,4
19,5010,1044,5
20,5010,1014,4
21,5011,1041,5
22,5011,1012,3
23,5012,1023,5
24,5012,1007,3
25,5013,1035,2
26,5013,1047,2
27,5014,1042,2
28,5014,1013,2
29,5015,1016,4
30,5015,1039,2
31,5016,1034,2
32,5016,1014,2
33,5017,1045,1
34,5017,1009,4
35,5018,1010,2
36,5018,1021,5
37,5019,1042,5
38,5019,1006,3
39,5020,1033,2
40,5020,1001,2
41,5021,1010,1
42,5021,1048,2
43,5022,1007,4
44,5022,1034,4
45,5023,1009,2
46,5023,1037,4
47,5024,1005,3
48,5024,1048,5
49,5025,1027,5
50,5025,1019,4
51,5026,1041,5
52,5026,1032,4
53,5027,1022,4
54,5027,1002,4
55,5028,1011,2
56,5028,1008,5
57,5029,1041,3
58,5029,1022,3
59,5030,1039,5
60,5030,1044,4
61,5031,1022,3
62,5031,1008,4
63,5032,1015,1
64,5032,1007,4
65,5033,1043,1
66,5033,1019,5
67,5034,1007,3
68,5034,1047,4
69,5035,1012,5
70,5035,1033,1
71,5036,1037,5
72,5036,1009,5
73,5037,1043,5
74,5037,1008,2
75,5038,1040,3
76,5038,1048,1
77,5039,1038,2
78,5039,1041,2
79,5040,1037,4
80,5040,1049,5
81,5041,1006,2
82,5041,1042,4
83,5042,1001,5
84,5042,1009,3
85,5043,1005,1
86,5043,1031,1
87,5044,1036,4
88,5044,1019,3
89,5045,1018,1
90,5045,1005,2
91,5046,1011,4
92,5046,1010,4
93,5047,1028,2
94,5047,1026,1
95,5048,1020,5
96,5048,1015,5
97,5049,1017,5
98,5049,1014,3
99,5050,1021,1
100,5050,1048,1
101,5051,1043,3
102,5051,1002,3
103,5052,1003,2
104,5052,1012,1
105,5053,1033,4
106,5053,1005,2
107,5054,1023,3
108,5054,1032,1
109,5055,1008,5
110,5055,1043,4
111,5056,1047,1
112,5056,1032,4
113,5057,1046,2
114,5057,1036,1
115,5058,1012,1
116,5058,1011,1
117,5059,1010,5
118,5059,1033,1
119,5060,1032,5
120,5060,1003,1
121,5061,1026,3
122,5061,1022,2
123,5062,1028,5
124,5062,1026,3
125,5063,1008,2
126,5063,1033,1
127,5064,1007,3
128,5064,1022,1
129,5065,1032,5
130,5065,1025,1
131,5066,1024,1
132,5066,1002,2
133,5067,1001,5
134,5067,1012,5
135,5068,1005,5
136,5068,1001,2
137,5069,1031,1
138,5069,1040,4
139,5070,1050,3
140,5070,1018,1
141,5071,1019,3
142,5071,1011,3
143,5072,1025,1
144,5072,1037,5
145,5073,1035,4
146,5073,1031,2
147,5074,1029,3
148,5074,1036,3
149,5075,1033,5
150,5075,1045,5
151,5076,1045,2
152,5076,1003,1
153,5077,1048,5
154,5077,1031,5
155,5078,1019,2
156,5078,1002,2
157,5079,1003,2
158,5079,1048,2
159,5080,1029,5
160,5080,1028,2
161,5081,1050,5
162,5081,1020,1
163,5082,1015,2
164,5082,1040,3
165,5083,1013,1
166,5083,1040,2
167,5084,1034,5
168,5084,1048,1
169,5085,1024,4
170,5085,1040,2
171,5086,1008,3
172,5086,1037,3
173,5087,1005,5
174,5087,1021,2
175,5088,1002,4
176,5088,1008,2
177,5089,1008,2
178,5089,1050,3
179,5090,1024,1
180,5090,1047,2
181,5091,1037,4
182,5091,1030,1
183,5092,1031,3
184,5092,1022,2
185,5093,1050,3
186,5093,1031,3
187,5094,1044,5
188,5094,1038,3
189,5095,1026,2
190,5095,1041,4
191,5096,1003,1
192,5096,1038,5
193,5097,1014,1
194,5097,1033,2
195,5098,1033,4
196,5098,1002,3
197,5099,1018,3
198,5099,1029,5
199,5100,1031,4
200,5100,1026,3
201,5101,1047,4
202,5101,1029,5
203,5102,1027,2
204,5102,1004,4
205,5103,1036,2
206,5103,1003,4
207,5104,1001,1
208,5104,1040,1
209,5105,1013,2
210,5105,1037,4
211,5106,1004,3
212,5106,1047,2
213,5107,1012,5
214,5107,1007,2
215,5108,1047,2
216,5108,1041,5
217,5109,1043,3
218,5109,1009,4
219,5110,1037,3
220,5110,1011,5
221,5111,1050,2
222,5111,1024,1
223,5112,1011,4
224,5112,1028,2
225,5113,1025,3
226,5113,1008,1
227,5114,1042,4
228,5114,1023,1
229,5115,1013,5
230,5115,1003,5
231,5116,1044,1
232,5116,1035,3
233,5117,1032,3
234,5117,1036,5
235,5118,1038,4
236,5118,1020,1
237,5119,1048,3
238,5119,1008,5
239,5120,1047,1
240,5120,1012,4
241,5121,1016,1
242,5121,1028,3
243,5122,1040,3
244,5122,1033,4
245,5123,1049,1
246,5123,1022,4
247,5124,1013,4
248,5124,1017,2
249,5125,1006,5
250,5125,1024,2
251,5126,1048,1
252,5126,1018,2
253,5127,1042,1
254,5127,1009,5
255,5128,1022,2
256,5128,1016,3
257,5129,1022,4
258,5129,1002,2
259,5130,1026,1
260,5130,1013,4
261,5131,1026,1
262,5131,1001,5
263,5132,1024,5
264,5132,1048,4
265,5133,1042,5
266,5133,1006,3
267,5134,1019,3
268,5134,1005,3
269,5135,1023,5
270,5135,1044,3
271,5136,1025,2
272,5136,1015,1
273,5137,1006,3
274,5137,1034,2
275,5138,1038,2
276,5138,1019,5
277,5139,1043,3
278,5139,1014,4
279,5140,1032,2
280,5140,1023,1
281,5141,1044,4
282,5141,1005,5
283,5142,1011,5
284,5142,1015,3
285,5143,1029,4
286,5143,1001,4
287,5144,1010,4
288,5144,1050,5
289,5145,1020,4
290,5145,1041,2
291,5146,1012,1
292,5146,1009,2
293,5147,1036,1
294,5147,1003,1
295,5148,1008,2
296,5148,1021,2
297,5149,1018,4
298,5149,1047,3
299,5150,1009,5
300,5150,1016,1
301,5151,1011,3
302,5151,1025,3
303,5152,1002,2
304,5152,1033,5
305,5153,1001,4
306,5153,1014,4
307,5154,1038,2
308,5154,1023,4
309,5155,1029,5
310,5155,1037,4
311,5156,1010,5
312,5156,1011,1
313,5157,1038,1
314,5157,1024,3
315,5158,1002,4
316,5158,1017,5
317,5159,1035,1
318,5159,1040,2
319,5160,1018,3
320,5160,1028,1
321,5161,1024,3
322,5161,1042,2
323,5162,1045,4
324,5162,1042,1
325,5163,1042,2
326,5163,1028,1
327,5164,1050,3
328,5164,1049,5
329,5165,1016,2
330,5165,1018,5
331,5166,1014,1
332,5166,1016,5
333,5167,1032,5
334,5167,1031,1
335,5168,1035,4
336,5168,1002,5
337,5169,1041,1
338,5169,1001,4
339,5170,1031,5
340,5170,1012,3
341,5171,1024,4
342,5171,1048,1
343,5172,1028,5
344,5172,1035,2
345,5173,1022,1
346,5173,1050,5
347,5174,1009,2
348,5174,1049,3
349,5175,1047,1
350,5175,1028,3
351,5176,1027,2
352,5176,1035,2
353,5177,1050,2
354,5177,1046,5
355,5178,1018,1
356,5178,1008,1
357,5179,1006,2
358,5179,1018,1
359,5180,1003,5
360,5180,1037,3
361,5181,1006,3
362,5181,1005,1
363,5182,1031,1
364,5182,1003,3
365,5183,1045,4
366,5183,1003,4
367,5184,1014,4
368,5184,1031,5
369,5185,1002,1
370,5185,1041,5
371,5186,1017,2
372,5186,1037,2
373,5187,1036,3
374,5187,1044,3
375,5188,1013,3
376,5188,1042,2
377,5189,1010,2
378,5189,1024,1
379,5190,1010,2
380,5190,1034,4
381,5191,1016,4
382,5191,1009,1
383,5192,1037,1
384,5192,1029,4
385,5193,1007,4
386,5193,1003,4
387,5194,1041,2
388,5194,1046,5
389,5195,1006,4
390,5195,1017,5
391,5196,1017,5
392,5196,1034,4
393,5197,1023,2
394,5197,1032,1
395,5198,1041,4
396,5198,1011,2
397,5199,1033,3
398,5199,1005,2
399,5200,1022,3
400,5200,1043,2
401,5201,1005,3
402,5201,1027,1
403,5202,1020,2
404,5202,1037,5
405,5203,1001,5
406,5203,1006,4
407,5204,1016,4
408,5204,1047,5
409,5205,1041,2
410,5205,1009,5
411,5206,1036,3
412,5206,1049,5
413,5207,1031,4
414,5207,1022,4
415,5208,1032,4
416,5208,1041,1
417,5209,1048,1
418,5209,1018,5
419,5210,1005,1
420,5210,1010,5
421,5211,1008,3
422,5211,1021,1
423,5212,1048,4
424,5212,1029,3
425,5213,1041,5
426,5213,1042,4
427,5214,1039,2
428,5214,1047,3
429,5215,1013,3
430,5215,1044,3
431,5216,1040,3
432,5216,1036,1
433,5217,1041,2
434,5217,1031,1
435,5218,1018,1
436,5218,1010,2
437,5219,1007,1
438,5219,1011,2
439,5220,1041,4
440,5220,1029,1
441,5221,1050,5
442,5221,1049,1
443,5222,1014,5
444,5222,1004,1
445,5223,1025,3
446,5223,1036,2
447,5224,1037,3
448,5224,1034,4
449,5225,1019,4
450,5225,1013,4
451,5226,1015,3
452,5226,1032,1
453,5227,1005,3
454,5227,1014,2
455,5228,1028,5
456,5228,1004,3
457,5229,1023,4
458,5229,1002,5
459,5230,1025,4
460,5230,1047,5
461,5231,1045,5
462,5231,1021,1
463,5232,1009,1
464,5232,1010,1
465,5233,1043,4
466,5233,1030,1
467,5234,1023,1
468,5234,1044,2
469,5235,1025,2
470,5235,1033,5
471,5236,1013,1
472,5236,1027,4
473,5237,1048,2
474,5237,1005,5
475,5238,1039,4
476,5238,1050,4
477,5239,1048,2
478,5239,1027,1
479,5240,1010,3
480,5240,1033,2
481,5241,1019,4
482,5241,1028,3
483,5242,1004,2
484,5242,1042,1
485,5243,1022,2
486,5243,1018,4
487,5244,1039,5
488,5244,1034,1
489,5245,1036,2
490,5245,1035,4
491,5246,1018,5
492,5246,1037,3
493,5247,1034,1
494,5247,1004,2
495,5248,1020,3
496,5248,1022,4
497,5249,1031,3
498,5249,1002,1
499,5250,1036,5
500,5250,1042,5
501,5251,1036,4
502,5251,1019,2
503,5252,1050,3
504,5252,1012,2
505,5253,1006,2
506,5253,1014,1
507,5254,1035,4
508,5254,1037,4
509,5255,1032,1
510,5255,1039,5
511,5256,1046,4
512,5256,1029,1
513,5257,1005,1
514,5257,1016,1
515,5258,1014,5
516,5258,1016,4
517,5259,1036,3
518,5259,1017,4
519,5260,1030,4
520,5260,1045,2
521,5261,1019,1
522,5261,1039,4
523,5262,1042,3
524,5262,1007,4
525,5263,1008,2
526,5263,1042,4
527,5264,1008,3
528,5264,1038,3
529,5265,1013,2
530,5265,1040,4
531,5266,1029,4
532,5266,1022,4
533,5267,1007,3
534,5267,1001,1
535,5268,1001,1
536,5268,1042,4
537,5269,1039,1
538,5269,1042,1
539,5270,1003,4
540,5270,1027,3
541,5271,1031,2
542,5271,1004,2
543,5272,1050,1
544,5272,1031,4
545,5273,1023,2
546,5273,1012,2
547,5274,1024,2
548,5274,1031,5
549,5275,1042,5
550,5275,1027,1
551,5276,1035,3
552,5276,1012,4
553,5277,1032,4
554,5277,1005,3
555,5278,1038,3
556,5278,1018,1
557,5279,1036,5
558,5279,1007,5
559,5280,1001,4
560,5280,1047,4
561,5281,1020,1
562,5281,1009,5
563,5282,1019,3
564,5282,1021,4
565,5283,1014,2
566,5283,1034,5
567,5284,1012,3
568,5284,1026,4
569,5285,1032,1
570,5285,1023,5
571,5286,1027,4
572,5286,1021,1
573,5287,1039,3
574,5287,1044,2
575,5288,1025,5
576,5288,1027,2
577,5289,1038,5
578,5289,1011,3
579,5290,1030,1
580,5290,1033,4
581,5291,1017,1
582,5291,1039,3
583,5292,1023,5
584,5292,1005,5
585,5293,1028,2
586,5293,1042,5
587,5294,1010,2
588,5294,1004,4
589,5295,1033,5
590,5295,1037,4
591,5296,1050,3
592,5296,1005,1
593,5297,1039,4
594,5297,1031,2
595,5298,1040,2
596,5298,1033,1
597,5299,1030,4
598,5299,1009,1
599,5300,1015,3
600,5300,1029,2
